t_ms,ax1,ay1,az1,gx1,gy1,gz1,ax2,ay2,az2,gx2,gy2,gz2
181551,-9404,-4252,12828,-431,-17,-353,-9500,-2696,11920,-528,-210,-244
181571,-9376,-4204,12876,-351,-68,-330,-9400,-2732,11956,-536,-202,-216
181591,-9500,-4196,12864,-520,-35,-328,-9476,-2788,11948,-555,-220,-234
181611,-9368,-4224,12880,-489,-68,-358,-9468,-2816,11952,-556,-219,-234
181631,-9528,-4192,12996,-455,-73,-315,-9520,-2780,11952,-546,-198,-218
181651,-9536,-4144,12880,-406,-70,-403,-9448,-2744,11992,-536,-219,-214
181671,-9452,-4236,13036,-496,-28,-360,-9488,-2752,11856,-530,-209,-218
181691,-9368,-4276,12988,-454,-46,-364,-9472,-2760,11972,-538,-189,-222
181711,-9420,-4212,12884,-500,-58,-362,-9432,-2748,12028,-542,-224,-228
181731,-9456,-4084,12920,-409,-85,-295,-9464,-2888,12056,-534,-211,-238
181751,-9464,-4148,12972,-435,9,-339,-9436,-2868,12028,-525,-196,-203
181771,-9456,-4288,12896,-503,-4,-401,-9548,-2820,11864,-538,-192,-205
181791,-9388,-4160,12900,-508,-68,-363,-9484,-2732,11988,-542,-184,-217
181811,-9412,-4288,12972,-346,-59,-326,-9548,-2748,11960,-543,-197,-219
181831,-9536,-4100,13096,-478,-41,-349,-9464,-2852,11900,-529,-214,-236
181851,-9340,-4196,12932,-525,-35,-376,-9484,-2896,12004,-550,-203,-216
181871,-9504,-4192,13028,-441,-57,-339,-9500,-2740,11872,-522,-210,-217
181891,-9452,-4192,12872,-417,-40,-354,-9432,-2680,11872,-527,-221,-206
181911,-9424,-4240,12920,-447,-26,-352,-9416,-2780,11948,-517,-189,-209
181931,-9348,-4236,12880,-482,-57,-303,-9556,-2724,11904,-541,-200,-198
181951,-9412,-4280,12916,-457,-35,-371,-9428,-2828,11992,-523,-222,-226
181971,-9508,-4224,12976,-449,-57,-334,-9472,-2824,12024,-542,-202,-209
181991,-9432,-4204,12896,-447,-32,-353,-9512,-2748,11872,-549,-218,-221
182011,-9440,-4304,12956,-486,-47,-356,-9540,-2752,11996,-545,-188,-212
182031,-9416,-4180,13016,-434,-38,-352,-9564,-2904,11972,-545,-205,-231
182051,-9428,-4184,12900,-384,-60,-350,-9480,-2760,12000,-534,-191,-234
182071,-9400,-4212,12988,-498,-48,-354,-9580,-2768,11964,-534,-192,-198
182091,-9432,-4188,12992,-468,-56,-361,-9412,-2784,11956,-538,-191,-227
182111,-9372,-4204,12904,-498,-38,-335,-9484,-2860,11928,-520,-197,-237
182131,-9364,-4236,12820,-390,-76,-357,-9464,-2792,12048,-553,-205,-234
182151,-9508,-4188,13028,-416,-45,-350,-9540,-2760,11848,-548,-217,-213
182171,-9340,-4136,12996,-534,-57,-372,-9492,-2732,12032,-534,-179,-231
182191,-9380,-4260,13052,-516,-36,-347,-9512,-2752,11928,-527,-203,-229
182211,-9448,-4236,13008,-364,-55,-343,-9468,-2820,12060,-541,-195,-229
182231,-9292,-4112,12840,-496,-35,-335,-9432,-2756,12056,-554,-191,-227
182251,-9428,-4324,12904,-448,-49,-364,-9572,-2684,12052,-553,-193,-213
182271,-9464,-4052,12936,-449,-33,-326,-9384,-2808,11820,-539,-210,-228
182291,-9328,-4208,12900,-487,-19,-369,-9488,-2756,11928,-530,-197,-236
182311,-9492,-4288,12892,-444,-59,-351,-9412,-2840,11876,-530,-202,-239
182331,-9448,-4172,13004,-392,-55,-350,-9516,-2828,12092,-546,-199,-213
182351,-9308,-4240,12900,-493,-44,-338,-9540,-2748,11936,-523,-185,-212
182371,-9364,-4200,12936,-498,-27,-401,-9508,-2760,11936,-542,-201,-220
182391,-9448,-4268,12904,-373,-55,-352,-9520,-2800,11976,-537,-203,-224
182411,-9460,-4196,12820,-464,-30,-328,-9468,-2724,12104,-525,-188,-233
182431,-9424,-4244,12972,-471,-51,-368,-9420,-2864,11928,-520,-233,-229
182451,-9304,-4256,12948,-479,-39,-329,-9508,-2828,11872,-540,-189,-226
182471,-9472,-4128,12968,-421,-31,-377,-9492,-2696,12060,-537,-196,-239
182491,-9316,-4296,12868,-479,-42,-358,-9500,-2804,11968,-533,-203,-220
182511,-9408,-4228,12888,-457,-55,-336,-9428,-2740,11924,-530,-214,-230
182531,-9508,-4272,13008,-453,-46,-352,-9516,-2816,12060,-527,-195,-215
182551,-9412,-4228,12904,-448,-56,-336,-9408,-2868,12060,-534,-212,-220
182571,-9428,-4220,12852,-482,-16,-360,-9484,-2780,11900,-561,-201,-224
182591,-9356,-4176,12912,-453,-25,-323,-9572,-2896,11856,-540,-208,-213
182611,-9420,-4280,12900,-438,-50,-340,-9508,-2752,11904,-517,-199,-213
182631,-9428,-4180,13036,-484,-28,-340,-9488,-2824,11892,-523,-195,-210
182651,-9404,-4168,12912,-457,-25,-387,-9460,-2760,12052,-548,-215,-225
182671,-9500,-4224,13000,-414,-48,-358,-9504,-2648,11904,-529,-191,-208
182691,-9428,-4192,12972,-448,-44,-337,-9432,-2860,11964,-535,-203,-228
182711,-9452,-4176,12996,-495,-42,-385,-9544,-2828,11876,-546,-210,-219
182731,-9400,-4248,12952,-468,-54,-325,-9492,-2864,11936,-522,-195,-227
182751,-9420,-4228,13024,-426,-65,-362,-9384,-2800,11916,-525,-217,-217
182771,-9380,-4312,12968,-473,-42,-365,-9476,-2840,11936,-555,-192,-217
182791,-9404,-4184,13020,-486,-28,-371,-9432,-2776,12008,-532,-216,-221
182811,-9372,-4200,13028,-445,-29,-354,-9492,-2784,11868,-529,-202,-229
182831,-9432,-4188,13000,-427,-38,-340,-9532,-2868,11812,-548,-211,-225
182851,-9520,-4140,12888,-468,-51,-351,-9456,-2812,11960,-537,-201,-228
182871,-9480,-4240,12952,-456,-70,-363,-9504,-2752,11896,-545,-185,-219
182891,-9348,-4172,12992,-481,-35,-345,-9604,-2820,11920,-536,-190,-205
182911,-9436,-4260,12868,-468,-48,-355,-9484,-2760,12056,-548,-211,-246
182931,-9496,-4264,13028,-421,-38,-325,-9472,-2792,12044,-540,-202,-232
182951,-9352,-4156,12792,-450,-43,-338,-9348,-2816,12016,-539,-202,-198
182971,-9372,-4104,13036,-449,-66,-363,-9508,-2824,11892,-534,-208,-223
182991,-9396,-4192,12896,-474,-39,-337,-9408,-2820,11852,-566,-220,-221
183011,-9492,-4256,13036,-456,-46,-343,-9460,-2864,11996,-538,-200,-209
183031,-9476,-4244,13128,-475,-42,-344,-9452,-2856,12036,-530,-192,-202
183051,-9476,-4152,12900,-462,-49,-386,-9440,-2772,11924,-546,-203,-228
183071,-9424,-4264,13092,-444,-51,-356,-9496,-2788,11988,-550,-224,-218
183091,-9416,-4196,12848,-460,-26,-342,-9504,-2856,11916,-535,-202,-200
183111,-9548,-4248,12860,-459,-61,-358,-9672,-2824,12008,-530,-213,-191
183131,-9476,-4232,12972,-457,-51,-325,-9452,-2860,11956,-532,-187,-225
183151,-9384,-4204,13096,-489,-53,-343,-9424,-2740,11904,-543,-197,-221
183171,-9448,-4240,12820,-457,-43,-363,-9564,-2844,11752,-533,-210,-221
183191,-9496,-4272,13032,-453,-37,-342,-9484,-2828,11824,-536,-183,-228
183211,-9392,-4204,12880,-424,-30,-370,-9448,-2808,11972,-542,-198,-223
183231,-9328,-4272,12832,-491,-38,-350,-9484,-2820,11988,-538,-207,-213
183251,-9480,-4220,12764,-479,-31,-368,-9496,-2848,12068,-530,-222,-206
183271,-9404,-4180,12872,-410,-56,-333,-9440,-2744,11960,-538,-185,-216
183291,-9404,-4216,12964,-470,-38,-371,-9472,-2748,11872,-541,-208,-217
183311,-9380,-4260,12976,-499,-37,-362,-9440,-2704,12044,-526,-197,-218
183331,-9396,-4244,12928,-453,-40,-344,-9536,-2812,11796,-549,-205,-217
183351,-9456,-4200,12864,-439,-38,-341,-9512,-2760,12044,-562,-203,-218
183371,-9404,-4192,12844,-469,-23,-328,-9456,-2816,11880,-563,-190,-217
183391,-9504,-4232,12816,-467,-37,-345,-9524,-2824,12060,-547,-202,-234
183411,-9408,-4180,13028,-442,-50,-344,-9476,-2712,12044,-528,-177,-222
183431,-9372,-4300,12780,-451,-31,-341,-9504,-2744,11972,-545,-192,-228
183451,-9432,-4160,13000,-495,-70,-366,-9520,-2832,11824,-525,-209,-212
183471,-9428,-4260,13024,-428,-43,-338,-9516,-2776,11928,-555,-191,-224
183491,-9380,-4176,12912,-480,-19,-348,-9456,-2784,11916,-525,-205,-219
183511,-9504,-4364,12904,-491,-32,-351,-9528,-2864,11908,-535,-193,-231
183531,-9440,-4204,12896,-456,-66,-350,-9496,-2684,11920,-538,-197,-205
183551,-9436,-4280,12972,-444,-58,-342,-9500,-2840,12020,-554,-190,-228
183571,-9420,-4272,13000,-451,-36,-348,-9500,-2788,12052,-539,-194,-221
183591,-9408,-4356,12944,-477,-25,-362,-9596,-2724,11868,-526,-212,-213
183611,-9412,-4228,12908,-461,-57,-350,-9504,-2708,11872,-530,-218,-204
183631,-9552,-4272,13016,-496,-63,-346,-9516,-2840,11908,-541,-198,-233
183651,-9380,-4140,13064,-402,-54,-360,-9440,-2788,11896,-542,-216,-233
183671,-9312,-4120,12792,-468,-46,-342,-9488,-2708,11912,-541,-192,-226
183691,-9492,-4204,12852,-518,-39,-364,-9532,-2724,11988,-546,-209,-204
183711,-9468,-4232,12872,-433,-64,-323,-9496,-2860,11964,-542,-199,-218
183731,-9364,-4168,12932,-412,-45,-351,-9524,-2824,11856,-539,-202,-216
183751,-9404,-4128,13008,-494,-28,-351,-9480,-2756,11956,-547,-202,-232
183771,-9436,-4168,12788,-453,-41,-334,-9540,-2804,11888,-532,-190,-217
183791,-9400,-4216,13056,-480,-64,-355,-9504,-2808,11936,-539,-207,-225
183811,-9468,-4140,12828,-462,-43,-371,-9496,-2732,12044,-533,-194,-222
183831,-9456,-4160,12988,-443,-36,-327,-9492,-2780,11852,-537,-200,-227
183851,-9456,-4236,12868,-471,-42,-339,-9412,-2892,11992,-556,-212,-235
183871,-9592,-4252,12896,-504,-23,-357,-9556,-2732,11984,-559,-190,-237
183891,-9432,-4124,12912,-474,-34,-336,-9528,-2812,11920,-533,-198,-222
183911,-9332,-4152,12972,-387,-59,-326,-9584,-2736,12028,-543,-213,-216
183931,-9484,-4148,12844,-495,-56,-359,-9424,-2808,12052,-535,-207,-243
183951,-9468,-4200,12996,-491,-44,-370,-9488,-2812,12008,-562,-193,-222
183971,-9496,-4104,12952,-455,-40,-339,-9484,-2688,12012,-546,-210,-224
183991,-9312,-4172,13000,-450,-75,-379,-9512,-2784,11912,-549,-212,-224
184011,-9328,-4232,12992,-482,-60,-328,-9568,-2724,12116,-539,-186,-221
184031,-9496,-4252,13060,-447,-36,-354,-9536,-2764,11920,-528,-207,-224
184051,-9412,-4192,13076,-430,-73,-366,-9404,-2768,12000,-552,-189,-202
184071,-9452,-4188,12880,-490,-55,-357,-9388,-2812,11944,-548,-227,-193
184091,-9436,-4192,12860,-468,-41,-338,-9544,-2808,11968,-529,-208,-219
184111,-9372,-4204,12952,-433,-58,-327,-9504,-2780,12004,-532,-224,-213
184131,-9424,-4224,12772,-443,-21,-355,-9452,-2824,11928,-555,-235,-223
184151,-9400,-4168,12844,-478,-62,-349,-9512,-2908,12000,-516,-213,-228
184171,-9520,-4304,12908,-462,-52,-352,-9400,-2836,12000,-538,-215,-213
184191,-9408,-4212,12956,-488,-47,-331,-9456,-2760,11904,-545,-193,-244
184211,-9444,-4268,12976,-435,-35,-361,-9500,-2748,12048,-536,-197,-211
184231,-9456,-4264,12984,-451,-35,-326,-9584,-2780,11868,-540,-210,-224
184251,-9448,-4176,12896,-452,-44,-354,-9504,-2752,11804,-530,-194,-212
184271,-9428,-4228,13036,-531,-21,-362,-9468,-2776,12120,-548,-203,-229
184291,-9492,-4368,12860,-455,-43,-360,-9448,-2812,12008,-543,-182,-227
184311,-9388,-4296,12920,-387,-72,-339,-9516,-2828,11956,-551,-201,-205
184331,-9408,-4284,12976,-449,-42,-376,-9544,-2636,11936,-543,-202,-204
184351,-9420,-4156,12832,-595,-11,-326,-9420,-2768,11784,-550,-207,-231
184371,-9404,-4316,12940,-494,4,-366,-9404,-2780,11936,-532,-225,-225
184391,-9420,-4208,13024,-258,-66,-329,-9548,-2768,11888,-536,-185,-226
184411,-9388,-4072,12924,-517,-38,-352,-9448,-2820,11920,-547,-195,-216
184431,-9520,-4148,13032,-509,-52,-408,-9572,-2820,11992,-528,-197,-206
184451,-9408,-4276,12912,-458,-46,-346,-9540,-2756,11956,-536,-190,-225
184471,-9308,-4184,12764,-567,-39,-372,-9420,-2728,11984,-553,-223,-233
184491,-9472,-4308,12952,-266,-98,-367,-9540,-2896,11928,-547,-226,-209
184511,-9264,-4212,13052,-452,-32,-295,-9448,-2812,11948,-541,-196,-213
184531,-9484,-4168,12932,-562,-34,-402,-9480,-2836,12076,-534,-207,-221
184551,-9548,-4300,12932,-396,-38,-334,-9456,-2712,12020,-540,-178,-209
184571,-9400,-4196,12992,-450,-59,-366,-9392,-2744,11900,-544,-192,-213
184591,-9480,-4292,12988,-472,-76,-392,-9640,-2784,11960,-543,-216,-206
184611,-9508,-4204,12876,-483,-33,-310,-9444,-2728,11992,-523,-186,-207
184631,-9304,-4308,13000,-327,-58,-399,-9544,-2784,11900,-540,-204,-213
184651,-9440,-4164,12904,-597,-30,-300,-9440,-2668,11928,-526,-201,-211
184671,-9372,-4232,12960,-429,-25,-385,-9508,-2844,11988,-551,-220,-215
184691,-9448,-4216,13028,-483,-32,-323,-9472,-2744,11980,-539,-230,-216
184711,-9436,-4268,12904,-436,-50,-352,-9408,-2696,11956,-525,-204,-210
184731,-9372,-4300,13124,-461,-25,-326,-9468,-2772,11972,-546,-204,-210
184751,-9308,-4260,12948,-430,-23,-375,-9460,-2736,11868,-530,-222,-221
184771,-9604,-4260,12908,-413,-72,-371,-9452,-2764,11920,-537,-193,-217
184791,-9448,-4264,12936,-568,-42,-356,-9460,-2780,11892,-538,-228,-215
184811,-9400,-4276,12964,-455,-49,-366,-9504,-2748,12020,-549,-203,-235
184831,-9452,-4288,13104,-355,-45,-318,-9468,-2804,11916,-533,-225,-205
184851,-9372,-4248,12844,-491,-24,-375,-9476,-2784,11980,-530,-200,-200
184871,-9472,-4196,12868,-479,-61,-372,-9472,-2784,12024,-525,-221,-223
184891,-9416,-4248,12840,-487,-41,-343,-9500,-2808,11756,-562,-216,-212
184911,-9460,-4204,13064,-360,-61,-344,-9616,-2752,12024,-544,-204,-233
184931,-9388,-4248,12952,-502,-53,-349,-9424,-2748,11892,-543,-189,-208
184951,-9244,-4100,12924,-472,-47,-358,-9540,-2804,12012,-535,-204,-233
184971,-9424,-4184,13020,-470,-60,-317,-9452,-2720,11996,-519,-189,-223
184991,-9516,-4296,12780,-434,-9,-349,-9532,-2796,11948,-551,-207,-238
185011,-9400,-4196,13000,-449,-34,-357,-9432,-2820,12016,-540,-192,-235
185031,-9428,-4136,12956,-499,-42,-340,-9476,-2860,11860,-540,-211,-233
185051,-9444,-4104,13024,-423,-57,-375,-9480,-2868,12036,-554,-213,-213
185071,-9452,-4244,12856,-424,-50,-340,-9552,-2788,11876,-570,-199,-217
185091,-9388,-4252,12992,-498,-57,-335,-9488,-2768,12020,-544,-202,-216
185111,-9508,-4256,12904,-506,-38,-358,-9532,-2812,11864,-540,-194,-247
185131,-9392,-4236,12836,-384,-60,-364,-9540,-2852,11920,-528,-198,-233
185151,-9436,-4180,12816,-436,-42,-355,-9496,-2784,12044,-545,-208,-224
185171,-9468,-4180,12964,-518,-48,-356,-9532,-2788,11900,-526,-190,-216
185191,-9564,-4244,13072,-426,-20,-352,-9452,-2760,12080,-522,-221,-236
185211,-9432,-4168,12964,-463,-23,-354,-9424,-2796,12108,-562,-195,-214
185231,-9288,-4224,12884,-429,-71,-360,-9528,-2816,11904,-548,-190,-225
185251,-9516,-4140,13000,-492,-38,-332,-9492,-2768,11980,-541,-180,-205
185271,-9388,-4116,12936,-494,-35,-360,-9516,-2736,12032,-542,-213,-215
185291,-9444,-4148,12816,-486,-17,-317,-9460,-2752,11908,-552,-190,-219
185311,-9424,-4268,12880,-320,-60,-341,-9496,-2820,12060,-531,-195,-217
185331,-9428,-4240,13016,-434,-41,-334,-9464,-2804,11892,-533,-213,-242
185351,-9472,-4208,12964,-566,-37,-365,-9536,-2804,11920,-535,-202,-231
185371,-9360,-4192,12852,-513,-23,-346,-9448,-2760,12080,-539,-193,-236
185391,-9436,-4192,13048,-366,-47,-316,-9472,-2768,11992,-558,-206,-237
185411,-9448,-4192,12856,-438,-25,-341,-9432,-2788,11876,-552,-199,-217
185431,-9480,-4204,12852,-504,-52,-356,-9544,-2828,11932,-552,-201,-207
185451,-9464,-4268,12976,-522,-36,-326,-9448,-2700,12032,-537,-218,-225
185471,-9304,-4236,12924,-450,-32,-340,-9448,-2828,11836,-539,-208,-214
185491,-9348,-4344,13084,-340,-69,-341,-9552,-2804,11940,-536,-193,-216
185511,-9448,-4312,12856,-498,-30,-335,-9476,-2804,11980,-546,-193,-230
185531,-9372,-4160,12956,-526,-34,-362,-9468,-2708,11924,-552,-202,-223
185551,-9396,-4244,12888,-422,-54,-368,-9392,-2780,11920,-535,-194,-239
185571,-9476,-4244,12944,-442,-47,-356,-9560,-2864,11896,-552,-196,-210
185591,-9408,-4112,13016,-434,-76,-360,-9488,-2764,12032,-557,-188,-228
185611,-9456,-4172,12920,-461,-60,-327,-9528,-2772,11852,-533,-198,-209
185631,-9400,-4280,12932,-474,-32,-370,-9492,-2848,12032,-547,-201,-210
185651,-9436,-4208,13024,-449,-25,-338,-9524,-2760,11904,-534,-218,-224
185671,-9468,-4296,12972,-394,-57,-378,-9504,-2804,12020,-536,-222,-213
185691,-9364,-4284,12916,-494,-36,-340,-9536,-2764,12004,-561,-212,-227
185711,-9404,-4148,12928,-503,-40,-355,-9408,-2836,12000,-546,-209,-224
185731,-9436,-4228,13060,-452,-29,-347,-9436,-2864,12080,-527,-217,-213
185751,-9416,-4264,12992,-410,-62,-358,-9324,-2728,11924,-536,-189,-216
185771,-9432,-4240,12976,-450,-43,-348,-9488,-2784,12016,-551,-204,-219
185791,-9440,-4216,12860,-449,-39,-361,-9404,-2824,11824,-544,-219,-239
185811,-9544,-4180,13072,-494,-50,-346,-9508,-2816,12016,-515,-188,-235
185831,-9456,-4196,12896,-453,-25,-363,-9492,-2748,11892,-532,-185,-206
185851,-9388,-4144,12900,-433,-25,-343,-9524,-2844,11924,-548,-184,-218
185871,-9488,-4192,12932,-442,-54,-361,-9420,-2816,12072,-526,-210,-220
185891,-9408,-4260,12972,-522,-57,-342,-9436,-2740,11988,-533,-209,-218
185911,-9440,-4352,13000,-443,-39,-337,-9464,-2784,11868,-535,-220,-248
185931,-9396,-4152,12932,-410,-62,-336,-9516,-2836,11956,-536,-209,-222
185951,-9332,-4188,12944,-474,-39,-357,-9476,-2780,11928,-543,-216,-221
185971,-9448,-4172,12964,-502,-38,-356,-9468,-2912,11916,-551,-207,-223
185991,-9436,-4148,13000,-453,-35,-350,-9408,-2824,11984,-545,-194,-222
186011,-9312,-4236,12820,-530,-82,-336,-9496,-2836,11880,-535,-160,-225
186031,-9504,-4224,13000,-445,-69,-303,-9544,-2724,11980,-531,-206,-216
186051,-9412,-4252,13020,-456,-2,-337,-9520,-2760,11908,-558,-193,-218
186071,-9524,-4228,12876,-409,-34,-382,-9596,-2784,11936,-533,-200,-243
186091,-9436,-4220,12972,-491,-59,-350,-9536,-2760,12032,-530,-214,-217
186111,-9368,-4160,12976,-462,-55,-328,-9456,-2756,12040,-535,-194,-218
186131,-9372,-4260,13104,-466,-18,-342,-9564,-2784,11952,-547,-175,-240
186151,-9536,-4192,12872,-502,9,-341,-9428,-2796,11756,-544,-220,-218
186171,-9432,-4272,13040,-373,-45,-384,-9500,-2836,11976,-532,-204,-211
186191,-9420,-4168,13012,-539,-27,-353,-9492,-2808,11916,-534,-191,-228
186211,-9480,-4280,13088,-456,-77,-402,-9436,-2824,11888,-551,-205,-223
186231,-9340,-4268,12836,-496,5,-364,-9564,-2772,11996,-545,-194,-217
186251,-9444,-4256,12980,-378,-49,-401,-9572,-2680,11912,-532,-189,-222
186271,-9372,-4300,12864,-485,-37,-337,-9532,-2844,11972,-545,-188,-200
186291,-9368,-4148,12768,-485,-37,-361,-9472,-2764,11900,-550,-196,-211
186311,-9444,-4248,12976,-444,-21,-354,-9516,-2740,11940,-545,-189,-229
186331,-9396,-4056,12928,-483,-30,-337,-9440,-2748,11980,-523,-197,-219
186351,-9440,-4216,13064,-424,-65,-378,-9540,-2848,12008,-563,-223,-221
186371,-9460,-4224,12800,-461,-47,-337,-9512,-2784,11864,-534,-206,-216
186391,-9580,-4260,12864,-500,-64,-349,-9456,-2776,11960,-544,-198,-240
186411,-9504,-4140,12892,-422,-45,-323,-9436,-2812,11968,-535,-194,-240
186431,-9404,-4232,12940,-487,-24,-324,-9468,-2744,12040,-528,-213,-207
186451,-9360,-4340,12968,-428,-79,-349,-9484,-2792,11996,-533,-200,-208
186471,-9436,-4148,12820,-531,-42,-315,-9456,-2836,11844,-566,-202,-222
186491,-9452,-4228,12968,-350,-64,-394,-9392,-2896,11896,-547,-216,-215
186511,-9384,-4172,12956,-483,-58,-364,-9524,-2780,11984,-552,-197,-211
186531,-9544,-4184,12876,-527,-65,-354,-9516,-2776,12060,-528,-204,-220
186551,-9268,-4216,12996,-445,-38,-339,-9512,-2864,12036,-552,-190,-219
186571,-9396,-4232,12864,-410,-45,-349,-9544,-2724,11776,-548,-209,-216
186591,-9400,-4176,12924,-464,-48,-339,-9516,-2792,11840,-535,-207,-243
186611,-9428,-4212,12928,-491,-19,-325,-9364,-2836,11876,-539,-210,-218
186631,-9488,-4252,12868,-435,-49,-378,-9572,-2920,12020,-541,-211,-218
186651,-9456,-4076,13024,-457,-74,-352,-9508,-2696,12036,-541,-202,-236
186671,-9448,-4160,12952,-442,-26,-337,-9544,-2736,11900,-529,-199,-230
186691,-9496,-4312,13012,-472,-40,-353,-9440,-2784,11968,-526,-187,-218
186711,-9304,-4232,12880,-496,-27,-354,-9432,-2748,11916,-548,-220,-228
186731,-9500,-4232,12968,-451,-43,-343,-9396,-2728,12084,-547,-206,-216
186751,-9392,-4164,12856,-411,-19,-336,-9480,-2912,12000,-521,-206,-233
186771,-9364,-4152,12896,-446,-44,-355,-9528,-2788,11896,-545,-214,-211
186791,-9496,-4196,13008,-528,-49,-354,-9464,-2800,11844,-561,-198,-226
186811,-9472,-4220,12864,-434,-45,-317,-9492,-2808,11956,-553,-199,-221
186831,-9436,-4188,12968,-388,-53,-328,-9412,-2864,11928,-541,-188,-221
186851,-9396,-4192,12884,-511,-53,-381,-9508,-2804,12080,-528,-220,-220
186871,-9404,-4208,12860,-513,-50,-339,-9488,-2720,11880,-545,-204,-221
186891,-9424,-4264,12828,-420,-65,-359,-9556,-2776,11872,-531,-199,-219
186911,-9472,-4204,13052,-423,-40,-344,-9500,-2848,11852,-573,-215,-223
186931,-9412,-4224,12896,-465,-38,-357,-9448,-2832,11896,-537,-192,-204
186951,-9540,-4220,13020,-460,-30,-345,-9488,-2840,11920,-552,-208,-221
186971,-9448,-4208,13008,-507,-42,-327,-9440,-2836,11984,-534,-215,-222
186991,-9432,-4220,12916,-454,-46,-344,-9468,-2716,12000,-553,-185,-223
187011,-9448,-4296,13040,-404,-46,-340,-9500,-2780,11960,-555,-192,-234
187031,-9420,-4200,12716,-477,-23,-361,-9560,-2860,11900,-566,-206,-231
187051,-9540,-4220,12984,-556,-36,-356,-9368,-2804,12088,-537,-199,-226
187071,-9420,-4272,12932,-459,-59,-321,-9468,-2732,11884,-529,-195,-230
187091,-9436,-4208,13040,-313,-60,-341,-9512,-2872,11964,-564,-209,-207
187111,-9424,-4212,12900,-524,-36,-349,-9540,-2780,12012,-526,-220,-226
187131,-9424,-4100,12828,-566,-30,-347,-9408,-2832,12028,-538,-198,-211
187151,-9412,-4196,12952,-434,-10,-317,-9520,-2748,12016,-547,-185,-233
187171,-9384,-4184,12960,-363,-69,-336,-9472,-2780,12028,-533,-190,-215
187191,-9360,-4124,12916,-492,-60,-363,-9504,-2888,11960,-560,-206,-217
187211,-9392,-4236,12916,-502,-67,-368,-9456,-2796,11988,-546,-202,-228
187231,-9560,-4236,13000,-442,-17,-347,-9524,-2672,12040,-532,-207,-218
187251,-9416,-4160,12736,-429,-56,-332,-9508,-2932,11788,-546,-195,-219
187271,-9436,-4276,12880,-474,-57,-339,-9372,-2840,11956,-544,-210,-207
187291,-9424,-4212,12868,-469,-26,-355,-9580,-2836,12012,-537,-203,-220
187311,-9420,-4192,12852,-444,-55,-350,-9552,-2732,12024,-553,-199,-225
187331,-9428,-4256,13028,-515,-42,-339,-9516,-2820,12080,-549,-205,-231
187351,-9456,-4176,12720,-422,-46,-337,-9412,-2868,11992,-539,-220,-216
187371,-9388,-4112,13012,-471,-52,-341,-9536,-2760,11964,-553,-210,-210
187391,-9404,-4180,12984,-422,-45,-362,-9576,-2792,11924,-560,-219,-222
187411,-9352,-4244,12964,-523,-35,-330,-9536,-2812,11984,-540,-190,-207
187431,-9344,-4244,12836,-474,-45,-395,-9512,-2760,11972,-538,-210,-219
187451,-9392,-4144,12860,-464,-42,-318,-9488,-2824,12016,-543,-201,-209
187471,-9488,-4224,13012,-358,-50,-372,-9560,-2768,11960,-543,-190,-223
187491,-9492,-4292,12864,-546,-25,-346,-9412,-2752,11964,-542,-208,-214
187511,-9372,-4256,12856,-498,-58,-366,-9500,-2808,11972,-534,-194,-203
187531,-9324,-4252,13044,-362,-63,-343,-9564,-2800,12044,-541,-164,-208
187551,-9464,-4224,12868,-487,-30,-341,-9472,-2792,12068,-553,-214,-209
187571,-9436,-4160,13032,-491,-45,-367,-9412,-2756,11908,-521,-188,-233
187591,-9424,-4096,12956,-456,-11,-313,-9464,-2776,12032,-546,-205,-195
187611,-9468,-4220,12848,-440,-42,-379,-9432,-2780,11888,-526,-228,-224
187631,-9412,-4300,12996,-484,-54,-364,-9488,-2740,12016,-558,-200,-238
187651,-9488,-4232,12844,-414,-58,-314,-9416,-2924,12008,-533,-198,-236
187671,-9408,-4236,13120,-422,-71,-369,-9464,-2792,11960,-549,-194,-216
187691,-9428,-4164,12824,-516,-40,-404,-9404,-2772,12088,-531,-194,-219
187711,-9456,-4280,12812,-499,-41,-366,-9528,-2840,11860,-530,-213,-218
187731,-9440,-4252,12964,-409,-35,-329,-9480,-2784,11984,-553,-222,-231
187751,-9552,-4224,12980,-385,-54,-328,-9440,-2736,11988,-553,-202,-219
187771,-9444,-4196,12940,-515,-25,-343,-9408,-2852,11908,-529,-201,-237
187791,-9408,-4212,12832,-470,-65,-394,-9512,-2760,12092,-540,-200,-216
187811,-9372,-4220,12856,-478,-48,-316,-9452,-2792,11928,-540,-204,-210
187831,-9448,-4136,12928,-416,-33,-343,-9500,-2824,12060,-538,-213,-234
187851,-9264,-4268,13012,-462,-9,-329,-9528,-2828,11936,-531,-203,-224
187871,-9412,-4152,12828,-513,-53,-349,-9468,-2812,11960,-542,-200,-200
187891,-9468,-4244,12972,-475,-66,-368,-9520,-2780,12040,-521,-184,-226
187911,-9384,-4236,12924,-371,-56,-377,-9456,-2732,11828,-542,-200,-207
187931,-9296,-4200,12800,-490,-33,-334,-9496,-2808,11856,-535,-203,-210
187951,-9600,-4244,13100,-393,-79,-370,-9480,-2880,11944,-530,-141,-214
187971,-9548,-4184,12980,-395,-90,-390,-9580,-2764,12216,-521,-184,-229
187991,-9552,-4248,12964,-470,-61,-437,-9508,-2820,11924,-555,-203,-218
188011,-9340,-4252,12940,-563,-88,-336,-9556,-2816,11996,-548,-184,-224
188031,-9448,-4240,13020,-416,-66,-348,-9512,-2720,11820,-519,-194,-222
188051,-9524,-4180,12852,-720,11,-286,-9528,-2892,11976,-530,-231,-208
